,movie,year,timeMin,imdb,metascore,votes,us_grossMillions
0,Hamilton,2020,,8.8,90.0,29257,
1,Dil Bechara,2020,,9.3,,87263,
2,Knives Out,2019,,7.9,82.0,354589,165.36
3,The Gentlemen,2019,,7.9,51.0,167034,
4,Once Upon a Time... in Hollywood,2019,,7.7,83.0,495707,142.5
5,Joker,2019,,8.5,59.0,833825,335.45
6,Avengers: Endgame,2019,,8.4,78.0,743357,858.37
7,Parasite,2019,,8.6,96.0,453620,53.37
8,"Three Billboards Outside Ebbing, Missouri",2017,,8.2,88.0,407343,54.51
9,The Shawshank Redemption,1994,,9.3,80.0,2267098,28.34
10,Ford v Ferrari,2019,,8.1,81.0,240515,117.62
11,Interstellar,2014,,8.6,74.0,1437133,188.02
12,The Godfather,1972,,9.2,100.0,1563676,134.97
13,1917,2019,,8.3,78.0,349275,159.23
14,Back to the Future,1985,,8.5,87.0,1020731,210.61
15,Inception,2010,,8.8,74.0,1988684,292.58
16,The Dark Knight,2008,,9.0,84.0,2230692,534.86
17,The Wolf of Wall Street,2013,,8.2,75.0,1133705,116.9
18,Harry Potter and the Sorcerer's Stone,2001,,7.6,64.0,621381,317.58
19,Pride & Prejudice,2005,,7.8,82.0,245649,38.41
20,The Shining,1980,,8.4,66.0,863787,44.02
21,Little Women,2019,,7.9,91.0,117039,108.1
22,The Green Mile,1999,,8.6,61.0,1106284,136.8
23,Avengers: Infinity War,2018,,8.4,68.0,789461,678.82
24,Gladiator,2000,,8.5,67.0,1301787,187.71
25,Pulp Fiction,1994,,8.9,94.0,1772282,107.93
26,Inglourious Basterds,2009,,8.3,69.0,1223370,120.54
27,Stand by Me,1986,,8.1,75.0,353986,52.29
28,The Silence of the Lambs,1991,,8.6,85.0,1227556,130.74
29,Jojo Rabbit,2019,,7.9,58.0,240091,0.35
30,Moana,2016,,7.6,81.0,258497,248.76
31,The Princess Bride,1987,,8.1,77.0,383371,30.86
32,The Lord of the Rings: The Fellowship of the Ring,2001,,8.8,92.0,1613193,315.54
33,Get Out,2017,,7.7,85.0,468059,176.04
34,Blade Runner 2049,2017,,8.0,81.0,437103,92.05
35,The Dark Knight Rises,2012,,8.4,78.0,1473962,448.14
36,Jurassic Park,1993,,8.1,68.0,839674,402.45
37,The Irishman,2019,,7.9,94.0,299906,
38,Mad Max: Fury Road,2015,,8.1,90.0,851216,154.06
39,Titanic,1997,,7.8,75.0,1019763,659.33
40,Mission: Impossible - Fallout,2018,,7.7,86.0,278462,220.16
41,Schindler's List,1993,,8.9,94.0,1177293,96.9
42,Platoon,1986,,8.1,92.0,371963,138.53
43,The Goonies,1985,,7.8,62.0,235380,61.5
44,Jaws,1975,,8.0,87.0,533746,260.0
45,Zodiac,2007,,7.7,78.0,439786,33.08
46,The Matrix,1999,,8.7,73.0,1624373,171.48
47,Forrest Gump,1994,,8.8,82.0,1746588,330.25
48,Fight Club,1999,,8.8,66.0,1799291,37.03
49,Django Unchained,2012,,8.4,81.0,1311158,162.81
50,Tombstone,1993,,7.8,50.0,122465,56.51
51,The Departed,2006,,8.5,85.0,1154140,132.38
52,Gone Girl,2014,,8.1,79.0,828214,167.77
53,Airplane!,1980,,7.7,78.0,206942,83.4
54,The Prestige,2006,,8.5,66.0,1148397,53.09
55,Deadpool,2016,,8.0,65.0,878557,363.07
56,Thor: Ragnarok,2017,,7.9,74.0,560275,315.06
57,Goodfellas,1990,,8.7,90.0,986018,46.84
58,The Big Lebowski,1998,,8.1,71.0,709088,17.5
59,Spider-Man: Into the Spider-Verse,2018,,8.4,87.0,330120,190.24
60,Bohemian Rhapsody,2018,,8.0,49.0,430474,216.43
61,Almost Famous,2000,,7.9,90.0,246521,32.53
62,No Country for Old Men,2007,,8.1,91.0,826165,74.28
63,Scarface,1983,,8.3,65.0,717540,45.6
64,Pirates of the Caribbean: The Curse of the Black Pearl,2003,,8.0,63.0,998794,305.41
65,Guardians of the Galaxy,2014,,8.0,76.0,1019595,333.18
66,Deadpool 2,2018,,7.7,66.0,457199,324.59
67,Apocalypse Now,1979,,8.4,94.0,587807,83.47
68,Mary Poppins,1964,,7.8,88.0,153683,102.27
69,Call Me by Your Name,2017,,7.9,93.0,196980,18.1
70,The Notebook,2004,,7.8,53.0,505305,81.0
71,Catch Me If You Can,2002,,8.1,75.0,794552,164.62
72,Harry Potter and the Deathly Hallows: Part 2,2011,,8.1,85.0,739715,381.01
73,Raiders of the Lost Ark,1981,,8.4,85.0,861845,248.16
74,X-Men: Days of Future Past,2014,,8.0,75.0,648480,233.92
75,Spartacus,1960,,7.9,87.0,121351,30.0
76,Léon: The Professional,1994,,8.5,64.0,1002562,19.5
77,Heat,1995,,8.2,76.0,559453,67.44
78,The Godfather: Part II,1974,,9.0,90.0,1092833,57.3
79,Portrait of a Lady on Fire,2019,,8.1,95.0,46041,
80,Alien,1979,,8.4,89.0,765003,78.9
81,Se7en,1995,,8.6,65.0,1394600,100.13
82,Saving Private Ryan,1998,,8.6,91.0,1197896,216.54
83,Avatar,2009,,7.8,83.0,1097995,760.51
84,Taxi Driver,1976,,8.3,94.0,699086,28.26
85,Ex Machina,2014,,7.7,78.0,459995,25.44
86,Harry Potter and the Goblet of Fire,2005,,7.7,81.0,527728,290.01
87,Dunkirk,2017,,7.9,94.0,525605,188.37
88,The Usual Suspects,1995,,8.5,77.0,964367,23.34
89,The Truman Show,1998,,8.1,90.0,905083,125.62
90,The Breakfast Club,1985,,7.9,66.0,346255,45.88
91,Requiem for a Dream,2000,,8.3,68.0,745178,3.64
92,Love Actually,2003,,7.6,55.0,414586,59.7
93,Watchmen,2009,,7.6,56.0,488855,107.51
94,Braveheart,1995,,8.3,68.0,938653,75.6
95,Baby Driver,2017,,7.6,86.0,418646,107.83
96,"The Good, the Bad and the Ugly",1966,,8.8,90.0,669122,6.1
97,Ferris Bueller's Day Off,1986,,7.8,61.0,312276,70.14
98,Good Will Hunting,1997,,8.3,70.0,832934,138.43
99,Dazed and Confused,1993,,7.6,78.0,160426,7.99
100,Spirited Away,2001,,8.6,96.0,621683,10.06
101,The Lord of the Rings: The Return of the King,2003,,8.9,94.0,1597684,377.85
102,Boogie Nights,1997,,7.9,85.0,232674,26.4
103,Batman Begins,2005,,8.2,70.0,1272165,206.85
104,Prisoners,2013,,8.1,70.0,577323,61.0
105,Marriage Story,2019,,8.0,94.0,222720,2.0
106,The Blues Brothers,1980,,7.9,60.0,177961,57.23
107,The Deer Hunter,1978,,8.1,86.0,302949,48.98
108,Shutter Island,2010,,8.2,63.0,1089837,128.01
109,X-Men: First Class,2011,,7.7,65.0,635177,146.41
110,A Star Is Born,2018,,7.7,88.0,314944,215.29
111,American Beauty,1999,,8.3,84.0,1045391,130.1
112,Green Book,2018,,8.2,69.0,335912,85.08
113,Mulholland Drive,2001,,8.0,85.0,311026,7.22
114,Toy Story 4,2019,,7.8,84.0,186350,434.04
115,Hot Fuzz,2007,,7.8,81.0,451883,23.64
116,A Clockwork Orange,1971,,8.3,80.0,737065,6.21
117,V for Vendetta,2005,,8.2,62.0,1005241,70.51
118,The Fifth Element,1997,,7.7,52.0,424428,63.54
119,Star Wars: Episode IV - A New Hope,1977,,8.6,90.0,1199738,322.74
120,The Avengers,2012,,8.0,69.0,1237987,623.28
121,Iron Man,2008,,7.9,79.0,917555,318.41
122,Memento,2000,,8.4,80.0,1093134,25.54
123,The Hateful Eight,2015,,7.8,68.0,495858,54.12
124,Back to the Future Part II,1989,,7.8,57.0,464733,118.5
125,Her,2013,,8.0,90.0,520522,25.57
126,Logan,2017,,8.1,77.0,623518,226.28
127,Whiplash,2014,,8.5,88.0,686052,13.09
128,Guardians of the Galaxy Vol. 2,2017,,7.6,67.0,546480,389.81
129,Sicario,2015,,7.6,82.0,358356,46.89
130,Come and See,1985,,8.3,,52958,
131,There Will Be Blood,2007,,8.2,93.0,500027,40.22
132,Ghostbusters,1984,,7.8,71.0,345685,238.63
133,Indiana Jones and the Last Crusade,1989,,8.2,65.0,674100,197.17
134,Kill Bill: Vol. 1,2003,,8.1,69.0,972952,70.1
135,12 Angry Men,1957,,8.9,96.0,664361,4.36
136,Indiana Jones and the Temple of Doom,1984,,7.6,57.0,435936,179.87
137,Warrior,2011,,8.2,71.0,425905,13.66
138,Aliens,1986,,8.3,84.0,636811,85.16
139,Captain America: Civil War,2016,,7.8,75.0,640767,408.08
140,Casino,1995,,8.2,73.0,449839,42.44
141,Room,2015,,8.1,86.0,354364,14.68
142,The Warriors,1979,,7.6,65.0,91342,22.49
143,Zootopia,2016,,8.0,78.0,418752,341.27
144,E.T. the Extra-Terrestrial,1982,,7.8,91.0,361086,435.11
145,Stardust,2007,,7.6,66.0,249184,38.63
146,Rio Bravo,1959,,8.0,93.0,54500,12.54
147,La La Land,2016,,8.0,94.0,484956,151.1
148,The Help,2011,,8.0,62.0,417883,169.71
149,The Lion King,1994,,8.5,88.0,912836,422.78
150,Harry Potter and the Prisoner of Azkaban,2004,,7.9,82.0,530277,249.36
151,Scent of a Woman,1992,,8.0,59.0,251550,63.9
152,The Terminator,1984,,8.0,84.0,780974,38.4
153,Into the Wild,2007,,8.1,73.0,558225,18.35
154,American Psycho,2000,,7.6,64.0,469622,15.07
155,One Flew Over the Cuckoo's Nest,1975,,8.7,83.0,887094,112.0
156,300,2006,,7.6,52.0,720570,210.61
157,Harry Potter and the Deathly Hallows: Part 1,2010,,7.7,65.0,460613,295.98
158,2001: A Space Odyssey,1968,,8.3,84.0,584663,56.95
159,Blade Runner,1982,,8.1,84.0,674974,32.87
160,Once Upon a Time in America,1984,,8.4,,300555,5.32
161,Cast Away,2000,,7.8,73.0,508198,233.63
162,Hell or High Water,2016,,7.6,88.0,196777,26.86
163,A Few Good Men,1992,,7.7,62.0,228287,141.34
164,Casino Royale,2006,,8.0,80.0,568056,167.45
165,Eternal Sunshine of the Spotless Mind,2004,,8.3,89.0,885007,34.4
166,The Grand Budapest Hotel,2014,,8.1,88.0,684039,59.1
167,Terminator 2: Judgment Day,1991,,8.5,75.0,970926,204.84
168,Tangled,2010,,7.7,71.0,394421,200.82
169,Magnolia,1999,,8.0,77.0,283666,22.46
170,The Revenant,2015,,8.0,76.0,681018,183.64
171,12 Monkeys,1995,,8.0,74.0,566722,57.14
172,Psycho,1960,,8.5,97.0,583160,32.0
173,True Romance,1993,,7.9,59.0,201486,12.28
174,Hacksaw Ridge,2016,,8.1,71.0,415007,67.21
175,Midnight in Paris,2011,,7.7,81.0,378081,56.82
176,Snatch,2000,,8.3,55.0,763506,30.33
177,The Big Short,2015,,7.8,81.0,346297,70.26
178,Rogue One: A Star Wars Story,2016,,7.8,65.0,535990,532.18
179,Full Metal Jacket,1987,,8.3,76.0,654889,46.36
180,The Peanut Butter Falcon,2019,,7.6,70.0,43351,13.12
181,Wonder,2017,,8.0,66.0,132005,132.42
182,The Girl with the Dragon Tattoo,2011,,7.8,71.0,410002,102.52
183,The Bourne Identity,2002,,7.9,68.0,497303,121.66
184,12 Years a Slave,2013,,8.1,96.0,621646,56.67
185,Donnie Darko,2001,,8.0,71.0,726231,1.48
186,Seven Samurai,1954,,8.6,98.0,306196,0.27
187,Once Upon a Time in the West,1968,,8.5,80.0,293416,5.32
188,Rush,2013,,8.1,74.0,420878,26.95
189,Edward Scissorhands,1990,,7.9,74.0,435802,56.36
190,Harry Potter and the Half-Blood Prince,2009,,7.6,78.0,455447,301.96
191,The Social Network,2010,,7.7,95.0,605944,96.96
192,Edge of Tomorrow,2014,,7.9,71.0,583588,100.21
193,The Lord of the Rings: The Two Towers,2002,,8.7,87.0,1443697,342.55
194,Drive,2011,,7.8,78.0,556092,35.06
195,Spotlight,2015,,8.1,93.0,403677,45.06
196,Star Trek,2009,,7.9,82.0,570792,257.73
197,Coco,2017,,8.4,81.0,348019,209.73
198,The Hobbit: An Unexpected Journey,2012,,7.8,58.0,744362,303.0
199,Lost in Translation,2003,,7.7,89.0,401096,44.59
200,Die Hard,1988,,8.2,72.0,765104,83.01
201,The Martian,2015,,8.0,80.0,737148,228.43
202,The Fault in Our Stars,2014,,7.7,69.0,335547,124.87
203,Reservoir Dogs,1992,,8.3,79.0,892490,2.83
204,Howl's Moving Castle,2004,,8.2,80.0,316036,4.71
205,Fargo,1996,,8.1,85.0,598205,24.61
206,Oldboy,2003,,8.4,77.0,498351,0.71
207,Kingsman: The Secret Service,2014,,7.7,60.0,577160,128.26
208,Atonement,2007,,7.8,85.0,242407,50.93
209,The Perks of Being a Wallflower,2012,,8.0,67.0,449399,17.74
210,Argo,2012,,7.7,86.0,561411,136.03
211,American History X,1998,,8.5,62.0,1009662,6.72
212,The Sandlot,1993,,7.8,55.0,76718,32.42
213,Apocalypto,2006,,7.8,68.0,285068,50.87
214,Ratatouille,2007,,8.0,96.0,622000,206.45
215,What We Do in the Shadows,2014,,7.7,76.0,149011,3.33
216,The Hangover,2009,,7.7,73.0,703726,277.32
217,Arrival,2016,,7.9,81.0,571896,100.55
218,The Thing,1982,,8.1,57.0,358030,13.78
219,Do the Right Thing,1989,,7.9,93.0,85257,27.55
220,Children of Men,2006,,7.9,84.0,454124,35.55
221,Sin City,2005,,8.0,74.0,732095,74.1
222,Star Wars: Episode VII - The Force Awakens,2015,,7.9,80.0,842722,936.66
223,Apollo 13,1995,,7.6,77.0,261233,173.84
224,Kill Bill: Vol. 2,2004,,8.0,83.0,665274,66.21
225,The Invisible Guest,2016,,8.1,,124425,
226,Your Name.,2016,,8.4,79.0,175157,5.02
227,Life Is Beautiful,1997,,8.6,59.0,602389,57.6
228,Black Swan,2010,,8.0,79.0,683842,106.95
229,Star Wars: Episode V - The Empire Strikes Back,1980,,8.7,82.0,1127562,290.48
230,Remember the Titans,2000,,7.8,48.0,193570,115.65
231,Sherlock Holmes,2009,,7.6,57.0,572429,209.03
232,Big Fish,2003,,8.0,58.0,406885,66.26
233,Million Dollar Baby,2004,,8.1,86.0,620708,100.49
234,About Time,2013,,7.8,55.0,288256,15.32
235,The Pianist,2002,,8.5,85.0,704032,32.57
236,Minority Report,2002,,7.6,80.0,496807,132.07
237,The Sixth Sense,1999,,8.1,64.0,890968,293.51
238,Philadelphia,1993,,7.7,66.0,218852,77.32
239,Willy Wonka & the Chocolate Factory,1971,,7.8,67.0,173145,4.0
240,"O Brother, Where Art Thou?",2000,,7.7,69.0,278144,45.51
241,The Maltese Falcon,1941,,8.0,96.0,146356,2.11
242,Unforgiven,1992,,8.2,85.0,365410,101.16
243,Mulan,1998,,7.6,71.0,242979,120.62
244,Inside Out,2015,,8.1,94.0,589137,356.46
245,Home Alone,1990,,7.6,63.0,449831,285.76
246,My Fair Lady,1964,,7.8,95.0,84469,72.0
247,Inside Man,2006,,7.6,76.0,330243,88.51
248,The Sound of Music,1965,,8.0,63.0,197742,163.21
249,Princess Mononoke,1997,,8.4,76.0,328279,2.38
250,A Beautiful Mind,2001,,8.2,72.0,823890,170.74
251,Moneyball,2011,,7.6,87.0,352086,75.61
252,The Godfather: Part III,1990,,7.6,60.0,348692,66.67
253,Captain America: The Winter Soldier,2014,,7.7,70.0,716186,259.77
254,Dead Poets Society,1989,,8.1,79.0,408538,95.86
255,The Exorcist,1973,,8.0,81.0,352852,232.91
256,The Others,2001,,7.6,74.0,329360,96.52
257,Pan's Labyrinth,2006,,8.2,98.0,604652,37.63
258,Incredibles 2,2018,,7.6,80.0,237517,608.58
259,Ocean's Eleven,2001,,7.7,74.0,502190,183.42
260,The Imitation Game,2014,,8.0,73.0,664272,91.13
261,Zombieland,2009,,7.6,73.0,508658,75.59
262,Superbad,2007,,7.6,76.0,509538,121.46
263,The Handmaiden,2016,,8.1,84.0,102906,2.01
264,Birdman or (The Unexpected Virtue of Ignorance),2014,,7.7,87.0,563564,42.34
265,True Grit,2010,,7.6,80.0,303520,171.24
266,Singin' in the Rain,1952,,8.3,99.0,212082,8.82
267,Nightcrawler,2014,,7.9,76.0,445393,32.38
268,Rocky,1976,,8.1,70.0,504077,117.24
269,The Last Samurai,2003,,7.7,55.0,390246,111.11
270,Silver Linings Playbook,2012,,7.7,81.0,649221,132.09
271,Gone with the Wind,1939,,8.1,97.0,282313,198.68
272,The Florida Project,2017,,7.6,92.0,88584,5.9
273,The Blind Side,2009,,7.6,53.0,284588,255.96
274,Casablanca,1942,,8.5,100.0,507634,1.02
275,Blue Is the Warmest Colour,2013,,7.7,88.0,134635,2.2
276,Vertigo,1958,,8.3,100.0,350093,3.2
277,Despicable Me,2010,,7.6,72.0,489598,251.51
278,The Incredibles,2004,,8.0,90.0,640328,261.44
279,Serenity,2005,,7.8,74.0,279168,25.51
280,Dances with Wolves,1990,,8.0,72.0,234162,184.21
281,Primal Fear,1996,,7.7,47.0,179968,56.12
282,Amadeus,1984,,8.3,88.0,359474,51.97
283,Rear Window,1954,,8.4,100.0,430028,36.76
284,Finding Nemo,2003,,8.1,90.0,924249,380.84
285,Trainspotting,1996,,8.1,83.0,621321,16.5
286,The Wizard of Oz,1939,,8.0,100.0,365437,2.08
287,The Intouchables,2011,,8.5,57.0,733141,13.18
288,The Bourne Supremacy,2004,,7.7,73.0,425792,176.24
289,Shaun of the Dead,2004,,7.9,76.0,500396,13.54
290,Groundhog Day,1993,,8.0,72.0,567402,70.91
291,Donnie Brasco,1997,,7.7,76.0,270331,41.91
292,Toy Story,1995,,8.3,95.0,860602,191.8
293,City of God,2002,,8.6,79.0,683466,7.56
294,Brokeback Mountain,2005,,7.7,87.0,315883,83.04
295,Wind River,2017,,7.7,73.0,193985,33.8
296,Predator,1987,,7.8,45.0,363289,59.74
297,Star Wars: Episode VI - Return of the Jedi,1983,,8.3,58.0,924461,309.13
298,The Bourne Ultimatum,2007,,8.0,85.0,596250,227.47
299,Capernaum,2018,,8.4,75.0,51462,1.66
300,Skyfall,2012,,7.7,81.0,618563,304.36
301,First Blood,1982,,7.7,61.0,220472,47.21
302,Dallas Buyers Club,2013,,8.0,80.0,428254,27.3
303,Hidden Figures,2016,,7.8,74.0,191970,169.61
304,Shrek,2001,,7.8,84.0,597828,267.67
305,Deliverance,1972,,7.7,80.0,96281,7.06
306,The Hunt,2012,,8.3,77.0,267621,0.69
307,Captain Fantastic,2016,,7.9,72.0,180681,5.88
308,Black Hawk Down,2001,,7.7,74.0,356989,108.64
309,Mystic River,2003,,7.9,84.0,409914,90.14
310,L.A. Confidential,1997,,8.2,90.0,519589,64.62
311,Training Day,2001,,7.7,69.0,379709,76.63
312,Amélie,2001,,8.3,69.0,688124,33.23
313,The Curious Case of Benjamin Button,2008,,7.8,70.0,573545,127.51
314,Dr. Strangelove or: How I Learned to Stop Worrying and Love the Bomb,1964,,8.4,97.0,439252,0.28
315,Up,2009,,8.2,88.0,907448,293.0
316,Taken,2008,,7.8,51.0,556638,145.0
317,The Pursuit of Happyness,2006,,8.0,64.0,435234,163.57
318,3 Idiots,2009,,8.4,67.0,329785,6.53
319,Goldfinger,1964,,7.7,87.0,168153,51.08
320,The Fugitive,1993,,7.8,87.0,260881,183.88
321,My Cousin Vinny,1992,,7.6,68.0,103324,52.93
322,Lion,2016,,8.0,69.0,205252,51.74
323,Crash,2004,,7.7,66.0,414239,54.58
324,The Hobbit: The Desolation of Smaug,2013,,7.8,66.0,589239,258.37
325,Das Boot,1981,,8.3,86.0,225262,11.49
326,"Monsters, Inc.",2001,,8.0,79.0,791694,289.92
327,Aladdin,1992,,8.0,86.0,362433,217.35
328,For a Few Dollars More,1965,,8.3,74.0,224508,15.0
329,"Lock, Stock and Two Smoking Barrels",1998,,8.2,66.0,522333,3.9
330,Moonrise Kingdom,2012,,7.8,84.0,310213,45.51
331,The Untouchables,1987,,7.9,79.0,271662,76.27
332,Chhichhore,2019,,8.1,,26289,0.9
333,3:10 to Yuma,2007,,7.7,76.0,282602,53.61
334,Slumdog Millionaire,2008,,8.0,84.0,784104,141.32
335,Gravity,2013,,7.7,96.0,752945,274.09
336,Chinatown,1974,,8.2,92.0,285239,29.2
337,Little Miss Sunshine,2006,,7.8,80.0,430253,59.89
338,Moon,2009,,7.9,67.0,328473,5.01
339,Manchester by the Sea,2016,,7.8,96.0,236918,47.7
340,WALL·E,2008,,8.4,95.0,970541,223.81
341,Lawrence of Arabia,1962,,8.3,100.0,260227,44.82
342,The Lives of Others,2006,,8.4,89.0,347853,11.29
343,Fear and Loathing in Las Vegas,1998,,7.6,41.0,253826,10.68
344,Saw,2004,,7.6,46.0,370633,56.0
345,Fiddler on the Roof,1971,,8.0,67.0,38098,80.5
346,Kick-Ass,2010,,7.6,66.0,516461,48.07
347,Gran Torino,2008,,8.1,72.0,704638,148.1
348,500 Days of Summer,2009,,7.7,76.0,462760,32.39
349,Halloween,1978,,7.8,87.0,221383,47.0
350,What's Eating Gilbert Grape,1993,,7.8,73.0,209361,9.17
351,JFK,1991,,8.0,72.0,137860,70.41
352,The Last of the Mohicans,1992,,7.7,76.0,144957,75.51
353,Monty Python and the Holy Grail,1975,,8.2,93.0,489745,1.23
354,In Bruges,2008,,7.9,67.0,382218,7.76
355,Office Space,1999,,7.7,68.0,236875,10.82
356,Life of Pi,2012,,7.9,79.0,568264,124.99
357,Before Sunrise,1995,,8.1,77.0,260608,5.54
358,Incendies,2010,,8.3,80.0,141098,6.86
359,As Good as It Gets,1997,,7.7,67.0,269060,148.48
360,Blood Diamond,2006,,8.0,64.0,487861,57.37
361,Toy Story 3,2010,,8.3,92.0,736789,415.0
362,Rosemary's Baby,1968,,8.0,96.0,186360,
363,The Thin Red Line,1998,,7.6,78.0,168658,36.4
364,Sleepers,1996,,7.6,49.0,183306,49.1
365,Big Hero 6,2014,,7.8,74.0,399177,222.53
366,The Little Mermaid,1989,,7.6,88.0,230605,111.54
367,Citizen Kane,1941,,8.3,100.0,387438,1.59
368,Blow,2001,,7.6,52.0,235572,52.99
369,Straight Outta Compton,2015,,7.8,72.0,175472,161.2
370,Blue Velvet,1986,,7.8,76.0,175449,8.55
371,Wild Tales,2014,,8.1,77.0,168993,3.11
372,The Hurt Locker,2008,,7.6,95.0,412796,17.02
373,The Theory of Everything,2014,,7.7,72.0,388542,35.89
374,The Birds,1963,,7.7,90.0,166323,11.4
375,Cinema Paradiso,1988,,8.5,80.0,221389,11.99
376,28 Days Later...,2002,,7.6,73.0,368177,45.06
377,The Machinist,2004,,7.7,61.0,349474,1.08
378,American Gangster,2007,,7.8,76.0,382543,130.16
379,Searching,2018,,7.6,71.0,128823,26.02
380,The Magnificent Seven,1960,,7.7,74.0,85575,4.91
381,Bridge of Spies,2015,,7.6,81.0,279960,72.31
382,My Neighbor Totoro,1988,,8.2,86.0,275606,1.11
383,Ip Man,2008,,8.0,59.0,207114,
384,The Secret in Their Eyes,2009,,8.2,80.0,186798,6.39
385,Star Trek Into Darkness,2013,,7.7,72.0,457617,228.78
386,Short Term 12,2013,,8.0,82.0,79186,1.01
387,The Crow,1994,,7.6,71.0,163060,50.69
388,District 9,2009,,7.9,81.0,628691,115.65
389,Downfall,2004,,8.2,82.0,323382,5.51
390,How to Train Your Dragon,2010,,8.1,75.0,648845,217.58
391,The Game,1997,,7.8,61.0,335039,48.32
392,Who Framed Roger Rabbit,1988,,7.7,83.0,177772,156.45
393,Y Tu Mamá También,2001,,7.6,88.0,113221,13.62
394,Misery,1990,,7.8,75.0,178220,61.28
395,Grave of the Fireflies,1988,,8.5,94.0,223265,
396,Memories of Murder,2003,,8.1,82.0,126403,0.01
397,Beauty and the Beast,1991,,8.0,95.0,409329,218.97
398,Billy Elliot,2000,,7.7,74.0,123478,22.0
399,The Graduate,1967,,8.0,83.0,249029,104.95
400,Close Encounters of the Third Kind,1977,,7.6,90.0,179445,132.09
401,Only the Brave,2017,,7.6,72.0,54429,18.34
402,Enter the Dragon,1973,,7.7,83.0,94017,25.0
403,The Hunt for Red October,1990,,7.6,58.0,174213,122.01
404,The Butterfly Effect,2004,,7.6,30.0,442826,57.94
405,Match Point,2005,,7.6,72.0,202232,23.09
406,Being John Malkovich,1999,,7.7,90.0,302503,22.86
407,Boyz n the Hood,1991,,7.7,76.0,120997,57.5
408,Blazing Saddles,1974,,7.7,73.0,122870,119.5
409,Young Frankenstein,1974,,8.0,80.0,139911,86.3
410,The Fighter,2010,,7.8,79.0,332927,93.62
411,Dangal,2016,,8.4,,145961,12.39
412,It's a Wonderful Life,1946,,8.6,89.0,386505,
413,Man on Fire,2004,,7.7,47.0,322710,77.91
414,Raging Bull,1980,,8.2,89.0,312171,23.38
415,The Count of Monte Cristo,2002,,7.8,61.0,126395,54.23
416,Ran,1985,,8.2,96.0,108016,4.14
417,A Fistful of Dollars,1964,,8.0,65.0,191186,14.5
418,Sense and Sensibility,1995,,7.6,84.0,98939,43.18
419,Gifted,2017,,7.6,60.0,95035,24.8
420,Wreck-It Ralph,2012,,7.7,72.0,369990,189.42
421,Coraline,2009,,7.7,80.0,189890,75.29
422,Rain Man,1988,,8.0,65.0,463279,178.8
423,Captain Phillips,2013,,7.8,82.0,410339,107.1
424,The Naked Gun: From the Files of Police Squad!,1988,,7.6,76.0,147294,78.76
425,Lethal Weapon,1987,,7.6,68.0,231538,65.21
426,End of Watch,2012,,7.6,68.0,223597,41.0
427,The King's Speech,2010,,8.0,88.0,626137,138.8
428,The Farewell,2019,,7.6,89.0,43219,16.88
429,Falling Down,1993,,7.6,56.0,165644,40.9
430,Boyhood,2014,,7.9,100.0,329728,25.38
431,Togo,2019,,8.0,69.0,29708,
432,Mad Max 2: The Road Warrior,1981,,7.6,77.0,162810,12.47
433,Fantastic Mr. Fox,2009,,7.9,83.0,191820,21.0
434,Roma,2018,,7.7,96.0,133314,
435,North by Northwest,1959,,8.3,98.0,290174,13.28
436,Monty Python's Life of Brian,1979,,8.1,77.0,357642,20.05
437,The Man Who Shot Liberty Valance,1962,,8.1,94.0,66941,
438,Midnight Express,1978,,7.6,59.0,71349,35.0
439,I Saw the Devil,2010,,7.8,67.0,105182,0.13
440,Creed,2015,,7.6,82.0,240763,109.77
441,The Color Purple,1985,,7.8,78.0,76061,98.47
442,Stalker,1979,,8.2,,110908,0.23
443,Shoplifters,2018,,8.0,93.0,55450,3.31
444,Breakfast at Tiffany's,1961,,7.7,76.0,162357,
445,Glory,1989,,7.8,78.0,118339,26.83
446,The Royal Tenenbaums,2001,,7.6,76.0,259982,52.36
447,To Kill a Mockingbird,1962,,8.2,88.0,287782,
448,When Harry Met Sally...,1989,,7.6,76.0,189696,92.82
449,Some Like It Hot,1959,,8.2,98.0,236938,25.0
450,Dog Day Afternoon,1975,,8.0,86.0,229791,50.0
451,Changeling,2008,,7.7,63.0,232633,35.74
452,Barry Lyndon,1975,,8.1,89.0,144334,
453,Escape from Alcatraz,1979,,7.6,76.0,115509,43.0
454,Walk the Line,2005,,7.8,72.0,228504,119.52
455,Finding Neverland,2004,,7.7,67.0,195963,51.68
456,Harakiri,1962,,8.7,85.0,36266,
457,October Sky,1999,,7.8,71.0,79962,32.48
458,The Skin I Live In,2011,,7.6,70.0,134287,3.19
459,Mr. Nobody,2009,,7.8,63.0,210867,0.0
460,The Killing Fields,1984,,7.8,76.0,50212,34.7
461,This Is Spinal Tap,1984,,7.9,92.0,126161,0.19
462,Dogville,2003,,8.0,60.0,134402,1.53
463,The Elephant Man,1980,,8.1,78.0,213414,
464,Lost Highway,1997,,7.6,52.0,127014,3.8
465,Nausicaä of the Valley of the Wind,1984,,8.1,86.0,143713,0.5
466,Hunt for the Wilderpeople,2016,,7.9,81.0,103523,5.2
467,Mississippi Burning,1988,,7.8,65.0,84971,34.6
468,Carlito's Way,1993,,7.9,65.0,195672,36.95
469,Toy Story 2,1999,,7.9,88.0,512493,245.85
470,The Wrestler,2008,,7.9,80.0,285679,26.24
471,"Paris, Texas",1984,,8.1,78.0,85452,2.18
472,Rebel Without a Cause,1955,,7.7,89.0,81241,
473,Ponyo,2008,,7.7,86.0,119107,15.09
474,Road to Perdition,2002,,7.7,72.0,241684,104.45
475,In the Mood for Love,2000,,8.1,85.0,118195,2.73
476,The Boondock Saints,1999,,7.8,44.0,224157,0.03
477,Perfect Blue,1997,,8.0,,53239,0.78
478,The Sting,1973,,8.3,83.0,235289,159.6
479,Kiki's Delivery Service,1989,,7.8,83.0,116676,
480,The Jungle Book,1967,,7.6,65.0,161674,141.84
481,The Great Escape,1963,,8.2,86.0,218629,12.1
482,Brazil,1985,,7.9,84.0,183738,9.93
483,Klaus,2019,,8.2,65.0,72972,
484,Empire of the Sun,1987,,7.7,62.0,112617,22.24
485,Gattaca,1997,,7.8,64.0,274732,12.34
486,The Raid: Redemption,2011,,7.6,73.0,186450,4.11
487,Isle of Dogs,2018,,7.9,82.0,131497,32.02
488,Strangers on a Train,1951,,8.0,88.0,120547,7.63
489,The Outlaw Josey Wales,1976,,7.8,69.0,63806,31.8
490,Dark City,1998,,7.6,66.0,184536,14.38
491,Traffic,2000,,7.6,86.0,192593,124.12
492,The Shop Around the Corner,1940,,8.1,96.0,26641,0.2
493,Dirty Harry,1971,,7.7,90.0,140000,35.9
494,Midnight Cowboy,1969,,7.8,79.0,98192,44.79
495,The Boy in the Striped Pajamas,2008,,7.8,55.0,184989,9.03
496,The Seventh Seal,1957,,8.2,,158171,
497,Gone Baby Gone,2007,,7.6,72.0,244670,20.3
498,The Nightmare Before Christmas,1993,,8.0,82.0,284251,75.08
499,"Blood In, Blood Out",1993,,8.0,47.0,28175,4.5
500,A Silent Voice: The Movie,2016,,8.2,78.0,39459,
501,Battle Royale,2000,,7.6,81.0,165837,
502,Serpico,1973,,7.7,87.0,105891,29.8
503,The Girl with the Dragon Tattoo,2009,,7.8,76.0,205565,10.1
504,Annie Hall,1977,,8.0,92.0,247448,39.2
505,Planet of the Apes,1968,,8.0,79.0,162344,33.4
506,The Holy Mountain,1973,,7.9,,35103,0.06
507,Adaptation.,2002,,7.7,83.0,173309,22.25
508,Eastern Promises,2007,,7.6,82.0,223227,17.11
509,Dawn of the Planet of the Apes,2014,,7.6,79.0,405571,208.55
510,The Ten Commandments,1956,,7.8,,62134,93.74
511,The Illusionist,2006,,7.6,68.0,349695,39.87
512,Andhadhun,2018,,8.3,,64099,1.37
513,Die Hard with a Vengeance,1995,,7.6,58.0,356104,100.01
514,Fried Green Tomatoes,1991,,7.7,64.0,65127,82.42
515,A Bronx Tale,1993,,7.8,80.0,124447,17.27
516,"Synecdoche, New York",2008,,7.6,67.0,78990,3.08
517,Metropolis,1927,,8.3,98.0,155282,1.24
518,Enemy at the Gates,2001,,7.6,53.0,237295,51.4
519,Castle in the Sky,1986,,8.0,78.0,144307,
520,Sling Blade,1996,,8.0,84.0,85492,24.48
521,Akira,1988,,8.0,,158321,0.55
522,Gangs of Wasseypur,2012,,8.2,89.0,77360,
523,The Conversation,1974,,7.8,85.0,94993,4.42
524,The Lego Movie,2014,,7.7,83.0,318385,257.76
525,Sunset Blvd.,1950,,8.4,,194572,
526,Before Sunset,2004,,8.0,90.0,227085,5.82
527,High Noon,1952,,7.9,89.0,95247,9.45
528,A Separation,2011,,8.3,95.0,213045,7.1
529,Yojimbo,1961,,8.2,,106695,
530,"Crouching Tiger, Hidden Dragon",2000,,7.8,94.0,248857,128.08
531,Ben-Hur,1959,,8.1,90.0,213998,74.7
532,Kramer vs. Kramer,1979,,7.8,77.0,128747,106.26
533,25th Hour,2002,,7.6,68.0,167509,13.06
534,The Man from Earth,2007,,7.9,,169922,
535,The Searchers,1956,,7.9,94.0,78038,
536,Funny Games,1997,,7.6,69.0,62380,
537,The Last Picture Show,1971,,8.0,93.0,40990,29.13
538,The Apartment,1960,,8.3,94.0,157867,18.6
539,Before Midnight,2013,,7.9,94.0,135434,8.11
540,The Artist,2011,,7.9,89.0,226642,44.67
541,The French Connection,1971,,7.7,94.0,106776,15.63
542,Gandhi,1982,,8.0,79.0,214640,52.77
543,Rashomon,1950,,8.2,98.0,147222,0.1
544,Butch Cassidy and the Sundance Kid,1969,,8.0,66.0,198617,102.31
545,In the Heat of the Night,1967,,7.9,75.0,65480,24.38
546,Blood Simple,1984,,7.6,81.0,84944,2.15
547,La Haine,1995,,8.1,,143386,0.31
548,Awakenings,1990,,7.8,74.0,120041,52.1
549,Lord of War,2005,,7.6,62.0,289084,24.15
550,7 Kogustaki Mucize,2019,,8.3,,27677,
551,Snow White and the Seven Dwarfs,1937,,7.6,95.0,176403,184.93
552,Kung Fu Hustle,2004,,7.7,78.0,124225,17.11
553,Dancer in the Dark,2000,,8.0,61.0,99654,4.18
554,Malcolm X,1992,,7.7,73.0,82963,48.17
555,Hachi: A Dog's Tale,2009,,8.1,,244381,
556,Solaris,1972,,8.1,90.0,77617,
557,Like Stars on Earth,2007,,8.4,,160357,1.22
558,Seven Pounds,2008,,7.6,36.0,281564,69.95
559,Rushmore,1998,,7.7,86.0,165236,17.11
560,Cool Hand Luke,1967,,8.1,92.0,157716,16.22
561,Papillon,1973,,8.0,58.0,118817,53.27
562,Persona,1966,,8.1,86.0,97998,
563,Star Trek II: The Wrath of Khan,1982,,7.7,67.0,110324,78.91
564,Let the Right One In,2008,,7.9,82.0,202100,2.12
565,In the Name of the Father,1993,,8.1,84.0,151904,25.01
566,Paths of Glory,1957,,8.4,,171414,
567,Robin Hood,1973,,7.6,57.0,112202,32.06
568,A Streetcar Named Desire,1951,,8.0,97.0,96807,8.0
569,Cold War,2018,,7.6,90.0,45174,4.57
570,Batman: Mask of the Phantasm,1993,,7.8,,41933,5.62
571,PK,2014,,8.1,,155836,10.62
572,The Body,2012,,7.6,,53861,
573,The Iron Giant,1999,,8.0,85.0,167536,23.16
574,The Insider,1999,,7.8,84.0,156482,28.97
575,Ghost in the Shell,1995,,8.0,76.0,124797,0.52
576,Ordinary People,1980,,7.7,86.0,45453,54.8
577,Doctor Zhivago,1965,,8.0,69.0,67993,111.72
578,The Right Stuff,1983,,7.8,91.0,54760,21.5
579,The Grapes of Wrath,1940,,8.0,96.0,84399,0.06
580,Sing Street,2016,,7.9,79.0,82306,3.24
581,Rope,1948,,8.0,73.0,125110,
582,The King of Comedy,1982,,7.8,73.0,83424,2.5
583,The Fall,2006,,7.9,64.0,105528,2.28
584,Pride,2014,,7.8,79.0,50341,
585,The Bridge on the River Kwai,1957,,8.1,87.0,197803,44.91
586,Rebecca,1940,,8.1,86.0,118618,4.36
587,Network,1976,,8.1,83.0,141144,
588,Blow-Up,1966,,7.6,82.0,54779,
589,Paddington 2,2017,,7.8,88.0,57481,40.44
590,Days of Heaven,1978,,7.8,93.0,50630,
591,La Dolce Vita,1960,,8.0,95.0,64146,19.52
592,Flipped,2010,,7.7,45.0,79333,1.75
593,Roman Holiday,1953,,8.0,78.0,124122,
594,On the Waterfront,1954,,8.1,91.0,137713,9.6
595,The Name of the Rose,1986,,7.7,54.0,99011,7.15
596,Beasts of No Nation,2015,,7.7,79.0,71153,0.08
597,Bonnie and Clyde,1967,,7.8,86.0,99819,
598,I Am Sam,2001,,7.7,28.0,140787,40.31
599,50/50,2011,,7.6,72.0,311153,35.01
600,Glengarry Glen Ross,1992,,7.7,82.0,93467,10.73
601,The Great Beauty,2013,,7.8,86.0,78346,2.85
602,M,1931,,8.3,,138467,0.03
603,Amores Perros,2000,,8.1,83.0,218408,5.38
604,The Dirty Dozen,1967,,7.7,73.0,65484,45.3
605,Night of the Living Dead,1968,,7.9,89.0,112664,0.09
606,Mary and Max,2009,,8.1,,160376,
607,The Bridges of Madison County,1995,,7.6,66.0,70759,71.52
608,Charade,1963,,7.9,83.0,65791,13.47
609,Dawn of the Dead,1978,,7.9,71.0,108799,5.1
610,8½,1963,,8.0,,105900,0.05
611,How to Train Your Dragon 2,2014,,7.8,76.0,297257,177.0
612,Frost/Nixon,2008,,7.7,80.0,101067,18.59
613,Witness for the Prosecution,1957,,8.4,,103595,8.18
614,Ed Wood,1994,,7.8,70.0,162580,5.89
615,Evil Dead II,1987,,7.8,69.0,144101,5.92
616,The Secret World of Arrietty,2010,,7.6,80.0,76865,19.2
617,Dangerous Liaisons,1988,,7.6,74.0,62939,34.7
618,After Hours,1985,,7.7,90.0,56183,10.6
619,The Last King of Scotland,2006,,7.7,74.0,172359,17.61
620,Mustang,2015,,7.6,83.0,34365,0.85
621,The Last Emperor,1987,,7.7,76.0,91340,43.98
622,Run Lola Run,1998,,7.6,77.0,185415,7.27
623,Stalag 17,1953,,8.0,84.0,50162,
624,The Best Offer,2013,,7.8,49.0,104680,0.09
625,Baahubali: The Beginning,2015,,8.1,,99569,6.74
626,Naked,1993,,7.8,84.0,33061,1.77
627,Paprika,2006,,7.7,81.0,67850,0.88
628,Loving Vincent,2017,,7.8,62.0,47831,6.74
629,Drishyam,2015,,8.2,,64970,0.74
630,The Raid 2,2014,,8.0,71.0,111577,2.63
631,"Planes, Trains & Automobiles",1987,,7.6,72.0,118675,49.53
632,Mother,2009,,7.8,79.0,48213,0.55
633,The Wind Rises,2013,,7.8,83.0,69379,5.21
634,Manhattan,1979,,7.9,83.0,128677,45.7
635,21 Grams,2003,,7.7,70.0,220768,16.29
636,This Is England,2006,,7.7,86.0,113912,0.33
637,Barton Fink,1991,,7.7,69.0,110384,6.15
638,The Hidden Fortress,1958,,8.1,,32896,
639,Black Book,2006,,7.7,71.0,71325,4.4
640,Letters from Iwo Jima,2006,,7.9,89.0,151715,13.76
641,Ray,2004,,7.7,73.0,135608,75.33
642,It Happened One Night,1934,,8.1,87.0,90863,4.36
643,Chungking Express,1994,,8.1,77.0,59468,0.6
644,Fanny and Alexander,1982,,8.1,100.0,55992,4.97
645,Porco Rosso,1992,,7.7,83.0,73349,
646,Hotel Rwanda,2004,,8.1,79.0,328149,23.53
647,All the President's Men,1976,,8.0,84.0,99287,70.6
648,Whisper of the Heart,1995,,7.9,75.0,48163,
649,Lucky Number Slevin,2006,,7.7,53.0,296206,22.49
650,The Straight Story,1999,,8.0,86.0,79627,6.2
651,Hero,2002,,7.9,85.0,171580,53.71
652,Wings of Desire,1987,,8.0,79.0,62549,3.33
653,Me and Earl and the Dying Girl,2015,,7.7,74.0,120083,6.74
654,Badhaai Ho,2018,,8.0,,25964,
655,Nosferatu,1922,,7.9,,86225,
656,The Wild Bunch,1969,,7.9,97.0,75817,12.06
657,Miller's Crossing,1990,,7.7,66.0,123391,5.08
658,The Treasure of the Sierra Madre,1948,,8.2,98.0,110893,5.01
659,Dial M for Murder,1954,,8.2,75.0,152290,0.01
660,Badlands,1973,,7.8,93.0,63552,
661,Kagemusha,1980,,8.0,84.0,31042,
662,My Left Foot,1989,,7.9,97.0,65876,14.74
663,Double Indemnity,1944,,8.3,95.0,138728,5.72
664,All About Eve,1950,,8.2,98.0,117069,0.01
665,Happiness,1998,,7.7,81.0,65202,2.81
666,Watership Down,1978,,7.6,64.0,32890,
667,What Ever Happened to Baby Jane?,1962,,8.1,75.0,48541,4.05
668,Throne of Blood,1957,,8.1,,44354,
669,A Little Princess,1995,,7.7,83.0,31342,10.02
670,Clerks,1994,,7.7,70.0,208767,3.15
671,Kubo and the Two Strings,2016,,7.8,84.0,114476,48.02
672,Freaks,1932,,7.9,80.0,40968,
673,Giant,1956,,7.6,84.0,33107,
674,The Great Dictator,1940,,8.4,,196176,0.29
675,Neon Genesis Evangelion: The End of Evangelion,1997,,8.1,,35803,
676,The Third Man,1949,,8.1,97.0,154562,0.45
677,Mommy,2014,,8.1,74.0,48317,3.49
678,Being There,1979,,8.0,83.0,63914,30.18
679,Cabaret,1972,,7.8,80.0,46980,42.77
680,Cinderella Man,2005,,8.0,69.0,173019,61.65
681,The Muppet Movie,1979,,7.6,74.0,31722,76.66
682,Pink Floyd: The Wall,1982,,8.1,47.0,74336,22.24
683,The Man from Nowhere,2010,,7.8,,60460,0.01
684,Ikiru,1952,,8.3,,64807,0.06
685,Detachment,2011,,7.7,52.0,74413,0.07
686,From Here to Eternity,1953,,7.6,85.0,42158,30.5
687,Land of Mine,2015,,7.8,75.0,33460,0.44
688,Modern Times,1936,,8.5,96.0,209852,0.16
689,King Kong,1933,,7.9,90.0,77266,10.0
690,The Tenant,1976,,7.7,,38139,1.92
691,Wild Strawberries,1957,,8.2,88.0,92158,
692,Touch of Evil,1958,,8.0,99.0,96518,2.24
693,Gully Boy,2019,,8.1,65.0,28830,5.57
694,Sabrina,1954,,7.7,72.0,57392,
695,Victoria,2015,,7.6,77.0,50383,
696,Peeping Tom,1960,,7.7,,29843,0.08
697,K.G.F: Chapter 1,2018,,8.2,,30895,
698,The Killing,1956,,8.0,91.0,79210,
699,The Mirror,1975,,8.1,,37779,0.18
700,Cape Fear,1962,,7.7,76.0,25569,
701,Repulsion,1965,,7.7,91.0,47414,
702,The Remains of the Day,1993,,7.8,84.0,63635,22.95
703,Belle de Jour,1967,,7.7,,38916,0.03
704,Three Colors: Blue,1993,,7.9,85.0,85790,1.32
705,Breaking the Waves,1996,,7.8,76.0,60881,4.04
706,Anatomy of a Murder,1959,,8.0,95.0,58116,11.9
707,His Girl Friday,1940,,7.9,,51989,0.3
708,Dead Man,1995,,7.6,62.0,88370,1.04
709,Bicycle Thieves,1948,,8.3,,140443,0.33
710,Breathless,1960,,7.9,,70661,0.34
711,The Secret of NIMH,1982,,7.6,76.0,35319,10.14
712,Harold and Maude,1971,,7.9,62.0,69123,
713,Contempt,1963,,7.6,,27759,0.04
714,Amour,2012,,7.9,94.0,90793,6.74
715,Nebraska,2013,,7.7,87.0,110277,17.65
716,The Big Sleep,1946,,7.9,,77277,6.54
717,All That Jazz,1979,,7.9,72.0,27009,37.82
718,Duck You Sucker,1971,,7.6,77.0,29068,0.7
719,Stagecoach,1939,,7.9,93.0,41971,
720,The Verdict,1982,,7.7,77.0,34788,54.0
721,The Philadelphia Story,1940,,7.9,96.0,61827,
722,The Night of the Hunter,1955,,8.0,99.0,79854,0.65
723,The Long Goodbye,1973,,7.6,87.0,25028,0.96
724,When Marnie Was There,2014,,7.7,72.0,30062,0.77
725,The Hustler,1961,,8.0,90.0,73748,8.28
726,Hannah and Her Sisters,1986,,7.9,90.0,65453,40.08
727,Mysterious Skin,2004,,7.6,73.0,64769,0.7
728,High and Low,1963,,8.4,,30560,
729,Guess Who's Coming to Dinner,1967,,7.8,63.0,38135,56.7
730,Kelly's Heroes,1970,,7.6,50.0,44157,1.38
731,Fantasia,1940,,7.8,96.0,86439,76.41
732,Swades,2004,,8.2,,80580,1.22
733,East of Eden,1955,,7.9,72.0,39205,
734,Where Eagles Dare,1968,,7.7,63.0,50470,
735,On Golden Pond,1981,,7.6,68.0,26871,119.29
736,The Tale of The Princess Kaguya,2013,,8.0,89.0,35829,1.51
737,Short Cuts,1993,,7.7,79.0,41431,6.11
738,Le Samouraï,1967,,8.1,,43583,0.04
739,Notorious,1946,,7.9,100.0,89971,10.46
740,Queen,2013,,8.2,,58964,1.43
741,Zindagi Na Milegi Dobara,2011,,8.1,,65119,3.11
742,Withnail & I,1987,,7.7,84.0,39199,1.54
743,Fitzcarraldo,1982,,8.1,,30321,
744,Lady Vengeance,2005,,7.6,75.0,69853,0.21
745,Ninja Scroll,1993,,7.9,,33667,
746,The Longest Day,1962,,7.8,75.0,51272,39.1
747,The African Queen,1951,,7.7,91.0,69955,0.54
748,Patton,1970,,7.9,91.0,92111,61.7
749,The Hurricane,1999,,7.6,74.0,89869,50.67
750,Andrei Rublev,1966,,8.1,,44404,0.1
751,Paper Moon,1973,,8.1,77.0,41016,30.93
752,The Chaser,2008,,7.9,64.0,55793,
753,"Aguirre, the Wrath of God",1972,,7.9,,50649,
754,OMG: Oh My God!,2012,,8.1,,49328,0.92
755,The Day of the Jackal,1973,,7.8,80.0,36366,16.06
756,La Vie En Rose,2007,,7.6,66.0,81130,10.3
757,3-Iron,2004,,8.0,72.0,48419,0.24
758,The Salesman,2016,,7.8,85.0,48181,2.4
759,Three Colors: Red,1994,,8.1,100.0,87061,4.04
760,The 400 Blows,1959,,8.1,,101181,
761,Who's Afraid of Virginia Woolf?,1966,,8.0,75.0,67425,
762,Hamlet,1996,,7.7,,35443,4.41
763,Children of Heaven,1997,,8.3,,61692,0.93
764,Judgment at Nuremberg,1961,,8.2,60.0,66920,
765,The Quiet Man,1952,,7.7,,33720,10.55
766,"South Park: Bigger, Longer & Uncut",1999,,7.7,73.0,189442,52.01
767,City Lights,1931,,8.5,99.0,161477,0.02
768,Frankenstein,1931,,7.8,91.0,63017,
769,Open Your Eyes,1997,,7.8,,62631,0.37
770,Perfect Strangers,2016,,7.8,,53970,
771,Red River,1948,,7.8,,27265,
772,Shadow of a Doubt,1943,,7.8,94.0,57684,
773,Hedwig and the Angry Inch,2001,,7.7,85.0,31357,3.03
774,Infernal Affairs,2002,,8.0,75.0,116056,0.17
775,Thank You for Smoking,2005,,7.6,71.0,210846,24.79
776,Tokyo Story,1953,,8.2,,49883,
777,Waking Life,2001,,7.8,82.0,59710,2.89
778,A Christmas Story,1983,,7.9,77.0,127514,20.61
779,The Adventures of Robin Hood,1938,,7.9,97.0,46149,3.98
780,A Man for All Seasons,1966,,7.7,72.0,30353,28.35
781,The Man Who Would Be King,1975,,7.8,91.0,42977,
782,"Spring, Summer, Fall, Winter... and Spring",2003,,8.0,85.0,75273,2.38
783,Once,2007,,7.8,88.0,108813,9.44
784,Good Bye Lenin!,2003,,7.7,68.0,135283,4.06
785,The Best Years of Our Lives,1946,,8.0,93.0,56070,23.65
786,A Man Called Ove,2015,,7.7,70.0,44600,3.36
787,Cat on a Hot Tin Roof,1958,,8.0,84.0,43662,17.57
788,Bajrangi Bhaijaan,2015,,8.0,,69454,8.18
789,Zulu,1964,,7.7,77.0,35031,
790,Lagaan: Once Upon a Time in India,2001,,8.1,84.0,101853,0.07
791,The Manchurian Candidate,1962,,7.9,94.0,69985,
792,The Diving Bell and the Butterfly,2007,,8.0,92.0,101764,5.99
793,All About My Mother,1999,,7.8,87.0,86616,8.26
794,Elite Squad,2007,,8.1,33.0,96178,0.01
795,Leviathan,2014,,7.6,92.0,47717,1.09
796,The Legend of 1900,1998,,8.1,58.0,57074,0.26
797,Sanjuro,1962,,8.1,,31115,
798,The Double Life of Véronique,1991,,7.8,86.0,40128,2.0
799,The Little Prince,2015,,7.7,70.0,54740,1.34
800,The Battle of Algiers,1966,,8.1,96.0,50712,0.06
801,Song of the Sea,2014,,8.1,85.0,48860,0.86
802,The White Ribbon,2009,,7.8,82.0,67064,2.22
803,The Kid,1921,,8.3,,108213,5.45
804,Anand,1971,,8.5,,27506,
805,Amarcord,1973,,7.9,,38622,
806,The Vanishing,1988,,7.7,,32808,
807,Only Yesterday,1991,,7.6,90.0,25062,0.45
808,Pierrot le Fou,1965,,7.6,,28295,
809,Underground,1995,,8.1,,53992,0.17
810,Loveless,2017,,7.6,86.0,28110,0.57
811,The Day the Earth Stood Still,1951,,7.7,,75172,
812,Special 26,2013,,8.0,,49237,1.08
813,Control,2007,,7.7,78.0,60508,0.87
814,5 Centimeters Per Second,2007,,7.6,,48841,
815,Munna Bhai M.B.B.S.,2003,,8.1,,71387,
816,The Lion in Winter,1968,,7.9,,28333,22.28
817,Talk to Her,2002,,7.9,86.0,102401,9.28
818,The Wave,2008,,7.6,,100252,
819,Volver,2006,,7.6,84.0,92765,12.9
820,Mr. Smith Goes to Washington,1939,,8.1,73.0,104063,9.6
821,A Prophet,2009,,7.9,90.0,91789,2.08
822,Sholay,1975,,8.2,,49980,
823,The Motorcycle Diaries,2004,,7.8,75.0,95094,16.76
824,Bringing Up Baby,1938,,7.9,91.0,53679,
825,Uri: The Surgical Strike,2019,,8.3,,40515,4.19
826,The Invisible Man,1933,,7.7,87.0,29118,
827,Philomena,2013,,7.6,77.0,92528,37.71
828,Sympathy for Mr. Vengeance,2002,,7.6,56.0,60709,0.05
829,Out of the Past,1947,,8.0,,31553,
830,The Station Agent,2003,,7.6,81.0,66415,5.74
831,Eyes Without a Face,1960,,7.7,90.0,25976,0.05
832,The 39 Steps,1935,,7.6,93.0,50190,
833,The Lunchbox,2013,,7.8,76.0,48475,4.23
834,Rang De Basanti,2006,,8.2,,108260,2.2
835,Harvey,1950,,7.9,,51839,
836,Kal ho naa ho,2003,,8.0,54.0,61645,1.79
837,All Quiet on the Western Front,1930,,8.0,91.0,56122,3.27
838,The Lady Vanishes,1938,,7.8,,45884,
839,Gilda,1946,,7.7,,26992,
840,Delicatessen,1991,,7.6,66.0,78869,1.79
841,Secrets & Lies,1996,,8.0,91.0,36073,13.42
842,My Name Is Khan,2010,,8.0,50.0,96201,4.02
843,Cowboy Bebop: The Movie,2001,,7.9,61.0,41777,1.0
844,The Message,1976,,8.2,,42690,
845,Talvar,2015,,8.2,,29535,0.34
846,A Very Long Engagement,2004,,7.6,76.0,70063,6.17
847,The Cabinet of Dr. Caligari,1920,,8.1,,55217,
848,The Taking of Pelham One Two Three,1974,,7.7,68.0,25581,
849,To Have and Have Not,1944,,7.8,,30103,
850,Sunrise,1927,,8.1,,45873,0.54
851,Dead Man's Shoes,2004,,7.6,52.0,48399,0.01
852,Lilya 4-Ever,2002,,7.8,82.0,41645,0.18
853,A Hard Day's Night,1964,,7.6,96.0,39202,13.78
854,The Wages of Fear,1953,,8.1,85.0,52588,
855,Three Colors: White,1994,,7.6,88.0,61408,1.46
856,Laura,1944,,8.0,,41444,4.36
857,Rififi,1955,,8.2,97.0,25891,0.06
858,Kahaani,2012,,8.1,,56036,1.04
859,The World's Fastest Indian,2005,,7.8,68.0,51042,5.13
860,Evil,2003,,7.8,61.0,35020,0.02
861,Invasion of the Body Snatchers,1956,,7.7,92.0,43659,
862,The Odd Couple,1968,,7.7,86.0,30722,44.53
863,Once Were Warriors,1994,,7.9,77.0,30820,2.2
864,The Red Shoes,1948,,8.1,,29649,10.9
865,In a Lonely Place,1950,,8.0,,25104,
866,Key Largo,1948,,7.8,,36146,
867,To Be or Not to Be,1942,,8.2,86.0,26931,
868,Persepolis,2007,,8.0,90.0,86689,4.45
869,Wait Until Dark,1967,,7.8,81.0,27001,17.55
870,Bride of Frankenstein,1935,,7.8,95.0,41983,4.36
871,Udaan,2010,,8.2,,41333,0.01
872,Baahubali 2: The Conclusion,2017,,8.2,,71945,20.19
873,Arsenic and Old Lace,1944,,8.0,,63947,
874,Ivan's Childhood,1962,,8.1,,29955,
875,Dil Chahta Hai,2001,,8.1,,65092,0.3
876,Cries & Whispers,1972,,8.1,,28937,1.74
877,The Bandit,1996,,8.3,,61409,
878,The Discreet Charm of the Bourgeoisie,1972,,7.9,93.0,37147,0.2
879,"I, Daniel Blake",2016,,7.9,78.0,51136,0.26
880,Raise the Red Lantern,1991,,8.1,,28532,2.6
881,The Exterminating Angel,1962,,8.1,,28537,
882,The Conformist,1970,,8.0,100.0,25873,0.54
883,The Celebration,1998,,8.0,82.0,76191,1.65
884,Bhaag Milkha Bhaag,2013,,8.2,,59117,1.63
885,Death Note,2006,,7.7,,28109,
886,Ayla: The Daughter of War,2017,,8.5,,31941,
887,Night on Earth,1991,,7.8,68.0,53771,2.02
888,Wolf Children,2012,,8.1,71.0,36815,
889,The Innocents,1961,,7.8,88.0,25762,2.62
890,About Elly,2009,,8.0,87.0,43225,0.11
891,After the Wedding,2006,,7.7,78.0,31174,0.41
892,Pink,2016,,8.1,,37190,1.24
893,Miracle on 34th Street,1947,,7.9,88.0,38965,2.65
894,My Father and My Son,2005,,8.3,,75623,
895,Crimes and Misdemeanors,1989,,7.9,77.0,53333,18.25
896,The Girl Who Leapt Through Time,2006,,7.8,,58185,
897,Sleuth,1972,,8.0,,43936,4.08
898,Jules and Jim,1962,,7.8,97.0,36380,
899,Hard Boiled,1992,,7.8,,45733,
900,Hera Pheri,2000,,8.2,,54288,
901,La Strada,1954,,8.0,,56644,
902,Inherit the Wind,1960,,8.1,75.0,26505,
903,The Sea Inside,2004,,8.0,74.0,76031,2.09
904,Love Me If You Dare,2003,,7.6,45.0,66156,0.55
905,Haider,2014,,8.1,,49047,0.9
906,L'Avventura,1960,,7.9,,25479,
907,Down by Law,1986,,7.8,75.0,46661,1.44
908,Barfi!,2012,,8.1,,73600,2.8
909,Vivre Sa Vie,1962,,8.0,,26459,
910,Shine,1996,,7.7,87.0,50383,35.81
911,Winter Sleep,2014,,8.1,88.0,43593,0.17
912,Head-On,2004,,7.9,78.0,49883,
913,The Passion of Joan of Arc,1928,,8.1,,45453,0.02
914,"4 Months, 3 Weeks and 2 Days",2007,,7.9,97.0,55265,1.19
915,Lupin the 3rd: Castle of Cagliostro,1979,,7.7,71.0,25706,
916,Once Upon a Time in Anatolia,2011,,7.9,82.0,39633,0.14
917,"Black Cat, White Cat",1998,,8.1,73.0,49666,0.35
918,In a Better World,2010,,7.6,65.0,37898,1.01
919,In America,2002,,7.7,76.0,39992,15.54
920,My Sassy Girl,2001,,8.0,,44502,
921,The Return,2003,,8.0,82.0,41132,0.5
922,Diabolique,1955,,8.0,,60099,
923,Kokuhaku,2010,,7.8,,34667,
924,A Wednesday,2008,,8.1,,72219,
925,The Broken Circle Breakdown,2012,,7.8,70.0,38509,0.18
926,Fearless,2006,,7.6,70.0,71890,24.63
927,Dilwale Dulhania Le Jayenge,1995,,8.1,,61586,
928,The Thin Man,1934,,8.0,,25636,
929,Jab We Met,2007,,7.9,,46108,0.41
930,The General,1926,,8.1,,78261,1.03
931,The Magdalene Sisters,2002,,7.7,83.0,25537,4.89
932,Paan Singh Tomar,2012,,8.2,,32122,0.04
933,The Experiment,2001,,7.7,60.0,89796,0.14
934,Interstate 60: Episodes of the Road,2002,,7.7,,29254,
935,Battleship Potemkin,1925,,8.0,,51550,0.05
936,The Circus,1928,,8.1,90.0,26582,
937,Tokyo Godfathers,2003,,7.8,73.0,29526,0.13
938,The Purple Rose of Cairo,1985,,7.7,75.0,45918,10.63
939,Departures,2008,,8.1,68.0,47464,1.5
940,Cell 211,2009,,7.6,,62685,
941,Sweet Smell of Success,1957,,8.1,100.0,27081,
942,Dev.D,2009,,8.0,,28023,0.01
943,The Rules of the Game,1939,,8.0,,25971,
944,Brief Encounter,1945,,8.0,92.0,34311,
945,Joint Security Area,2000,,7.8,58.0,25416,
946,"Carry On, Munna Bhai",2006,,8.1,,41691,2.22
947,The Virgin Spring,1960,,8.1,,25772,1.53
948,Baby,2015,,8.0,,51429,
949,Chak de! India,2007,,8.2,68.0,71812,1.11
950,The Gold Rush,1925,,8.2,,96726,5.45
951,Andaz Apna Apna,1994,,8.2,,48128,
952,The Ladykillers,1955,,7.7,91.0,25518,
953,Fireworks,1997,,7.8,,26821,0.23
954,Ace in the Hole,1951,,8.1,72.0,30265,3.97
955,Lifeboat,1944,,7.6,78.0,25721,
956,Il Postino,1994,,7.7,81.0,32686,21.85
957,The Past,2013,,7.8,85.0,43945,1.33
958,Nights of Cabiria,1957,,8.1,,41664,0.75
959,White Heat,1949,,8.1,,28806,
960,Au Revoir les Enfants,1987,,8.0,88.0,30294,4.54
961,Veer-Zaara,2004,,7.8,67.0,47677,2.92
962,Udta Punjab,2016,,7.8,,25950,
963,Duck Soup,1933,,7.8,93.0,54558,
964,Black,2005,,8.2,,32755,0.73
965,The Triplets of Belleville,2003,,7.8,91.0,49820,7.0
966,Tangerines,2013,,8.2,73.0,37174,0.14
967,The Lost Weekend,1945,,7.9,,32636,9.46
968,Elite Squad 2: The Enemy Within,2010,,8.0,71.0,77968,0.1
969,Love and Death,1975,,7.7,89.0,35082,
970,Tae Guk Gi: The Brotherhood of War,2004,,8.1,64.0,37237,1.11
971,The Visitor,2007,,7.6,79.0,41112,9.42
972,Nine Queens,2000,,7.9,80.0,48585,1.22
973,The Chorus,2004,,7.9,56.0,55983,3.64
974,Kind Hearts and Coronets,1949,,8.0,,33635,
975,G.O.R.A.,2004,,8.0,,54866,
976,Airlift,2016,,8.0,,51629,
977,Sherlock Jr.,1924,,8.2,,39196,0.98
978,Drishyam,2013,,8.3,,29518,
979,No Man's Land,2001,,7.9,84.0,43842,1.06
980,Hiroshima Mon Amour,1959,,7.9,,27243,0.09
981,Vampire Hunter D: Bloodlust,2000,,7.7,62.0,28454,0.15
982,The Killer,1989,,7.8,82.0,44837,
983,A Night at the Opera,1935,,7.9,,29914,2.54
984,Central Station,1998,,8.0,80.0,35211,5.6
985,The Secret of Kells,2009,,7.6,81.0,30282,0.69
986,Vicky Donor,2012,,7.8,,38568,0.17
987,The Muppet Christmas Carol,1992,,7.7,64.0,46256,27.28
988,Zelig,1983,,7.7,,39046,11.8
989,Knockin' on Heaven's Door,1997,,8.0,,26877,0.0
990,Adam's Apples,2005,,7.8,51.0,44310,0.0
991,La Grande Illusion,1937,,8.1,,33063,0.17
992,Joyeux Noel,2005,,7.7,70.0,27060,1.05
993,English Vinglish,2012,,7.8,,32574,1.67
994,The Edge of Heaven,2007,,7.8,85.0,30233,0.74
995,Le Dîner de Cons,1998,,7.7,73.0,36479,4.07
996,C.R.A.Z.Y.,2005,,7.9,81.0,31133,
997,The Breath,2009,,8.0,,31120,
998,And Now for Something Completely Different,1971,,7.6,,28344,
999,Vizontele,2001,,8.0,,32102,
